{"nodes":null,"selection":null,"view":{"scroll":{"x":-7453.3505859375,"y":4690.458984375},"visible_rect":{"max":{"x":-19384.892578125,"y":15576.6650390625},"min":{"x":-22107.828125,"y":13912.6494140625}},"zoom":0.337136268615722656}}