{"nodes":null,"selection":null,"view":{"scroll":{"x":-0.000762937997933477163,"y":-0.000671385438181459904},"visible_rect":{"max":{"x":778.000732421875,"y":604.00048828125},"min":{"x":-0.000762939453125,"y":-0.00067138671875}},"zoom":0.999998092651367188}}