{"nodes":{"node:1782334042288":{"location":{"x":-20094,"y":13565}}},"selection":["node:1782334042288"],"view":{"scroll":{"x":-60718.20703125,"y":40389.66015625},"visible_rect":{"max":{"x":-19946.822265625,"y":13753.51953125},"min":{"x":-20255.060546875,"y":13473.6357421875}},"zoom":2.9976809024810791}}