{"nodes":{"node:2033586313984":{"location":{"x":-3062,"y":15091}},"node:2033586314944":{"location":{"x":-20094,"y":13565}}},"selection":["node:2033586313984"],"view":{"scroll":{"x":-9459.8515625,"y":45214.296875},"visible_rect":{"max":{"x":-2869.283935546875,"y":15194.765625},"min":{"x":-3153.283935546875,"y":15071.4326171875}},"zoom":3}}