{"nodes":null,"selection":null,"view":{"scroll":{"x":-507.23876953125,"y":-310.087310791015625},"visible_rect":{"max":{"x":1937.6123046875,"y":2939.126953125},"min":{"x":-5072.3876953125,"y":-3100.873046875}},"zoom":0.100000001490116119}}