{"nodes":null,"selection":null,"view":{"scroll":{"x":-7453.36376953125,"y":4690.46923828125},"visible_rect":{"max":{"x":-19384.8984375,"y":15576.66796875},"min":{"x":-22107.828125,"y":13912.6552734375}},"zoom":0.33713686466217041}}