{"nodes":null,"selection":null,"view":{"scroll":{"x":-6836.2861328125,"y":4282.912109375},"visible_rect":{"max":{"x":-19384.888671875,"y":15638.830078125},"min":{"x":-22107.828125,"y":13850.486328125}},"zoom":0.30922466516494751}}