{"nodes":{"node:2716182646816":{"location":{"x":-20094,"y":13565}}},"selection":["node:2716182646816"],"view":{"scroll":{"x":-60717.4140625,"y":40389.1171875},"visible_rect":{"max":{"x":-19946.8203125,"y":13753.5185546875},"min":{"x":-20255.0625,"y":13473.6318359375}},"zoom":2.99764132499694824}}