{"nodes":null,"selection":null,"view":{"scroll":{"x":-32.4764137268066406,"y":19.6599140167236328},"visible_rect":{"max":{"x":-19384.88671875,"y":16106.1279296875},"min":{"x":-22107.826171875,"y":13383.1884765625}},"zoom":0.00146900070831179619}}