{"nodes":{"node:2034842163424":{"location":{"x":-20094,"y":13565}}},"selection":null,"view":{"scroll":{"x":-100726.9765625,"y":67714.96875},"visible_rect":{"max":{"x":-19989.92578125,"y":13663.8828125},"min":{"x":-20145.525390625,"y":13543.08203125}},"zoom":4.99996757507324219}}