{"nodes":{"node:2960798927280":{"location":{"x":-20094,"y":13565}}},"selection":null,"view":{"scroll":{"x":-40486.79296875,"y":27088.71875},"visible_rect":{"max":{"x":-19817.396484375,"y":13729.359375},"min":{"x":-20243.396484375,"y":13544.359375}},"zoom":2}}