{"nodes":{"node:2207721109776":{"location":{"x":0,"y":0}},"node:2209112399712":{"location":{"x":-20103,"y":13627}}},"selection":null,"view":{"scroll":{"x":-30595.30078125,"y":20171.4921875},"visible_rect":{"max":{"x":-19878.5546875,"y":13850.5751953125},"min":{"x":-20397.23046875,"y":13447.9013671875}},"zoom":1.49997329711914062}}