{"nodes":null,"selection":null,"view":{"scroll":{"x":-128.669952392578125,"y":-52.5757980346679688},"visible_rect":{"max":{"x":279.330047607421875,"y":74.4242019653320312},"min":{"x":-128.669952392578125,"y":-52.5757980346679688}},"zoom":1}}