{"nodes":{"node:2606930266176":{"location":{"x":-20094,"y":13565}}},"selection":null,"view":{"scroll":{"x":-25223.626953125,"y":16765.1640625},"visible_rect":{"max":{"x":-19556.70703125,"y":13895.4775390625},"min":{"x":-20179.11328125,"y":13412.2724609375}},"zoom":1.24998688697814941}}