{"nodes":null,"selection":null,"view":{"scroll":{"x":-1273.374755859375,"y":-56.7096176147460938},"visible_rect":{"max":{"x":-834.77117919921875,"y":922.25579833984375},"min":{"x":-2145.802734375,"y":-95.5631103515625}},"zoom":0.59342581033706665}}