{"nodes":{"node:2448722643200":{"location":{"x":-20094,"y":13565}},"node:2450138590688":{"location":{"x":-6576,"y":12464}}},"selection":["node:2450138590688"],"view":{"scroll":{"x":-13379.935546875,"y":24735.130859375},"visible_rect":{"max":{"x":-6300.9677734375,"y":12669.5654296875},"min":{"x":-6689.9677734375,"y":12367.5654296875}},"zoom":2}}